USE VehicleRental

GO 
	USE VehicleRental

	INSERT Rental_Users VALUES
	('eqYY5T3L49ZRJbW/V9rosA==', 'rental_admin@rental_admin.rental_admin',	'eqYY5T3L49ZRJbW/V9rosA==', 'AdminSurname', 'AdminName',	'AdminMiddlename',	'2023-04-01'),
	('/dnKYZHqiXNRZX3gcUdwwg==', 'rental_user@rental_user.rental_user',		'/dnKYZHqiXNRZX3gcUdwwg==', 'rental_user',  'rental_user',  'rental_user',		'2023-04-06'),
	('jp6uPv45moXS5qVs0UkNwA==', 'chaki@me.com',							'/gzw+eMOrPavQsQwRWU5dw==', 'Журавлев',		'Георгий',		'Никитич',			'27.06.1976'),
	('OUE1lvANhEI=',			 'drolsky@verizon.net',						'yWOdkJjT2OhE+GyLsNBQhg==', 'Данилов',		'Фёдор',		'Даниилович',		'28.03.1995'),
	('/niF9okVx9M=',			 'sekiya@icloud.com',						'5rhTvoSsG/GgqucpRZnPtQ==', 'Абрамов',		'Лука',			'Андреевич',		'20.04.2004'),
	('F0CnAOR1XnjlDV1NlgToQg==', 'wbarker@yahoo.com',						'WjJce2gIy+eqxPZ/igAynQ==', 'Дмитриев',		'Ибрагим',		'Вячеславович',		'20.03.1987'),
	('TgYb56aMtz3x4BI0aDEBWQ==', 'rgiersig@live.com',						'q7s22MRGK9Q7FIqJDxdTJg==', 'Никифорова',	'Мария',		'Тимуровна',		'31.07.1980'),
	('wco4QPqNMnj5QduIrnDeeA==', 'aibrahim@me.com',							'T20KYiCgB4j+yhvqLzZ58g==', 'Голубева',		'Алёна',		'Артёмовна',		'11.01.1973'),
	('cgS+lczeUTw=',			 'falcao@outlook.com',						'RgjqSmu+4y1lXdv9u1U4PA==', 'Марков',		'Фёдор',		'Егорович',			'25.09.1978'),
	('d+qxcyHz+Ng=',			 'kramulous@sbcglobal.net',					'Y1CnhCWNVY0GpdbuBkSi8A==', 'Лапшин',		'Константин',	'Кириллович',		'11.03.1996'),
	('LuDnU2xPKnRsK1gnXUa+lg==', 'draper@comcast.net',						'Sbt/J/FbmuWmvU1fAcBirw==', 'Королева',		'Алиса',		'Фёдоровна',		'27.12.2001'),
	('p6zKL1c1vck=',			 'multiplx@icloud.com',						'tRAOb7dBifcO9mNoQ7M3tg==', 'Ананьев',		'Марк',			'Романович',		'05.03.1984'),
	('72hLvgWDLRQ=',			 'zeitlin@aol.com',							'BgPFPhbG1jZL9W4my2wj7g==', 'Седов',		'Данил',		'Максимович',		'29.04.2004'),
	('Y3Q3p+gxPLg=',			 'caidaperl@aol.com',						'9Lb+O8n8XDnHcyxMKqzpwA==', 'Иванов',		'Роберт',		'Фёдорович',		'14.04.1979'),
	('4xgobG9ZXYg=',			 'miturria@aol.com',						'H0XUoAx8KKu1hi8CqNwx6Q==', 'Петрова',		'Виктория',		'Григорьевна',		'06.01.1993'),
	('NMAvQVgTACZ6/YBFhj+yTw==', 'malin@gmail.com',							'UOFgto+c+wWUR4Ibnyq+Jg==', 'Денисова',		'Арина',		'Романовна',		'27.06.1999'),
	('pOCii6Aj53jnl8lqKTdBXA==', 'phizntrg@icloud.com',						'MEteP3+9OXGK52nCED2nvw==', 'Тихомиров',	'Марк',			'Леонидович',		'30.07.1995'),
	('CfpfoogLm/52Rgp/XtQ+SQ==', 'leslie@outlook.com',						'GvgNDZ+2Oaq/McmXw60NHA==', 'Медведев',		'Марк',			'Михайлович',		'22.08.2003'),
	('IoKkAeLDFnU=',			 'bsikdar@yahoo.ca',						'BMkfbs7m76UjZwHTSazceA==', 'Ульянов',		'Борис',		'Артёмович',		'10.02.1973'),
	('KK3HyGlsbpogb2F4baJPTQ==', 'kaiser@hotmail.com',						'Cr9BBzcRk8TW1v0Dp5VedQ==', 'Винокуров',	'Кирилл',		'Арсентьевич',		'08.03.1974'),
	('1QskxW76iM4=',			 'jsbach@aol.com',							'wDHCrHCRhYxuUTq50NVurQ==', 'Панин',		'Максим',		'Маркович',			'20.09.1995'),
	('xECcRbiwcoLWy4r0a/XOAA==', 'benanov@sbcglobal.net',					'6+I0pJRGljj+jgrcgsZ64g==', 'Васильев',		'Тимур',		'Максимович',		'10.12.2003'),
	('87VyEy0SEg14hB0ud6WzCg==', 'eidac@sbcglobal.net',						'U1fxfzlDrnVJ87ByHqJfkQ==', 'Дементьева',	'Полина',		'Викторовна',		'30.09.1971'),
	('lnC1Htm3kpk=',			 'parasite@outlook.com',					'lD3qXWkqJ3G5bT4xXgv1hQ==', 'Андреев',		'Александр',	'Тимофеевич',		'07.01.1981'),
	('PyQi8acKryj+X/r0IpG/Ng==', 'moxfulder@yahoo.com',						'XermscU5w6YJuUDIaZI0hQ==', 'Кудрявцев',	'Сергей',		'Дмитриевич',		'16.05.2000'),
	('1DD8/KCSlXYQWWOpkVRDcw==', 'animats@optonline.net',					'y1Z/E4huq7CcLK5WLb7hVA==', 'Александров',  'Семён',		'Андреевич',		'11.04.2002'),
	('PIbgzNreJZY=',			 'jeteve@me.com',							'q5pI3eYae9XROuF+pylTTg==', 'Хохлов',		'Ярослав',		'Иванович',			'20.11.1978'),
	('cYRfx32GTbQ=',			 'lamky@icloud.com',						'CIJYXKYn/HgtqomdzsNcTQ==', 'Лебедев',		'Богдан',		'Александрович',	'17.07.1984')--,
	--('/niF9okVx9M=',			 'kmself@optonline.net',					'/p9c1YWrESY7AuMRc+4unQ==', 'Абрамов',		'Николай',		'Арсентьевич',		'19.06.1990')

GO 

	USE VehicleRental
	INSERT DriversLicences VALUES
	('7878443544', '2012-03-12' ,2),
	('8989834554', '2016-04-12' ,1),
	('5463454355', '2017-09-12' ,2),
	('5434523453', '2018-05-12' ,1)

GO 
	EXEC AddCategoryToDriverLicence @DriverLicence_ID='7878443544', @Category='B', @ReceiptDate = '2012-09-12', @EndDate = '2022-09-12'
GO	
	EXEC AddCategoryToDriverLicence @DriverLicence_ID='8989834554', @Category='B', @ReceiptDate = '2016-04-12', @EndDate = '2026-04-12'
GO	
	EXEC AddCategoryToDriverLicence @DriverLicence_ID='5463454355', @Category='A', @ReceiptDate = '2017-08-12', @EndDate = '2027-08-12'
GO	
	EXEC AddCategoryToDriverLicence @DriverLicence_ID='5434523453', @Category='B', @ReceiptDate = '2018-05-12', @EndDate = '2028-05-12'

GO
	USE VehicleRental
	INSERT Classes (Class) VALUES
		('Бизнес'),
		('Эконом'),
		('Стандарт'),
		('Спорт'),
		('Комфорт')

GO
	USE VehicleRental

	INSERT Vehicles VALUES
		(146.0,	'Бизнес',		NULL),
		(70.9,		'Эконом',		NULL),
		(97.8,		'Стандарт',		NULL),
		(230.1,	'Спорт',		NULL),
		(170.5,	'Бизнес',		NULL),
		(130.54,	'Комфорт',		NULL),
		(150.23,	'Стандарт',		NULL),
		(168.1,	'Спорт',		NULL),
		(146.4,	'Бизнес',		NULL),
		(70.32,		'Эконом',		NULL),
		(97.12,		'Стандарт',		NULL),
		(230.43,	'Спорт',		NULL),
		(170.85,	'Бизнес',		NULL),
		(130.5,	'Комфорт',		NULL),
		(150.7,	'Стандарт',		NULL),
		(160.3,	'Спорт',		NULL)

GO
	USE VehicleRental
	INSERT VehicleRegistrCertificates VALUES
	(4234, 123343,	1	,'52LD5432123',   	'О435РУ777', 	'MERCEDES-BENZ',	'Gelandewagen',	'Внедорожник',	'B',	2021,	'NO',	'2342342341',	'Черный',		200,	'Четвёртый',  1200,	1100, '2023-04-01'),
	(2343, 423423,	2	,'43MK3244212',   	'А435КА047', 	'LADA',				'Kalina',		'Седан',		'B',	2011,	'NO',	'234SDF2341',	'Синий',		120,	'Четвёртый',  1200,	1100, '2023-04-01'),
	(6432, 234212,	3	,'54TY4321134',   	'Л834РС777', 	'KIA',				'RIO',			'Седан',		'B',	2021,	'NO',	'234SDF2341',	'Белый',		120,	'Четвёртый',  1200,	1100, '2023-04-01'),
	(1243, 435344,	4	,'12HR6573423',   	'В888ВВ888', 	'Lamborghini ',		'Aventador',	'Спортивная',	'B',	2014,	'NO',	'435423FD342',	'Оранжевый',	450,	'Четвёртый',  1200,	1100, '2023-04-01'),
	(3452, 123412,	5	,'52HJ5652523',   	'А555АА052', 	'MERCEDES-BENZ',	'C-CLASS',		'Седан',		'B',	2021,	'NO',	'2342342341',	'Серый',		200,	'Четвёртый',  1200,	1100, '2023-04-01'),
	(5476, 452323,	6	,'42MK3244212',   	'С347БА112', 	'LADA',				'Granta',		'Седан',		'B',	2021,	'NO',	'234SDF2341',	'Коричневый',	120,	'Четвёртый',  1200,	1100, '2023-04-01'),
	(1234, 123124,	7	,'52TY5321334',   	'Р333УС321', 	'LADA',				'Riva',			'Седан',		'B',	2021,	'NO',	'234SDF2341',	'Вишневый',		120,	'Четвёртый',  1200,	1100, '2023-04-01'),
	(1443, 173412,	8	,'12HR6523223',   	'Н123НН123', 	'Lamborghini ',		'Gollardo',		'Спортивная',	'B',	2011,	'NO',	'435423FD342',	'Белый',		450,	'Четвёртый',  1200,	1100, '2023-04-01'),
	(4313, 435123,	9	,'23HG5324143',   	'О435РП542', 	'SKODA',			'OCTAVIA II',	'Седан',		'B',	2021,	'NO',	'2342342341',	'Белый',		200,	'Четвёртый',  1200,	1100, '2023-04-01'),
	(5674, 324344,	10	,'43DF2345243',   	'С435ВК047', 	'RENAULT',			'SCÉNICII',		'Седан',		'B',	2011,	'NO',	'234SDF2341',	'Коричневый',	120,	'Четвёртый',  1200,	1100, '2023-04-01'),
	(3245, 763456,	11	,'52TY4321234',   	'У834КО777', 	'BMW',				'X1 (E84)',		'Седан',		'B',	2021,	'NO',	'234SDF2341',	'Белый',		120,	'Четвёртый',  1200,	1100, '2023-04-01'),
	(1234, 123445,	12	,'12HR6573523',   	'К888ТО888', 	'SKODA ',			'KODIAQ',		'Внедорожник',	'B',	2014,	'NO',	'435423FD342',	'Белый',		450,	'Четвёртый',  1200,	1100, '2023-04-01'),
	(3244, 342553,	13	,'51LD5432123',   	'В555СТ052', 	'OPEL',				'ASTRA',		'Седан',		'B',	2021,	'NO',	'2342342341',	'Серый',		200,	'Четвёртый',  1200,	1100, '2023-04-01'),
	(5234, 143322,	14	,'43MK3243452',   	'С347УВ112', 	'TOYOTA',			'HILUX VII',	'Седан',		'B',	2021,	'NO',	'234SDF2341',	'Серый',		120,	'Четвёртый',  1200,	1100, '2023-04-01'),
	(3242, 423521,	15	,'54TY4321234',   	'О333КУ321', 	'MERCEDES-BENZ',	'E-CLASS',		'Седан',		'B',	2021,	'NO',	'234SDF2341',	'Серебристый',	120,	'Четвёртый',  1200,	1100, '2023-04-01'),
	(3544, 643422,	16	,'43HY1123423',   	'Н123ТК123', 	'Porsche  ',		'Cayenne',		'Внедорожник',	'B',	2011,	'NO',	'435423FD342',	'Синий',		450,	'Четвёртый',  1200,	1100, '2023-04-01')


GO 
	DECLARE @YESTERDAY SMALLDATETIME = DATEADD(day, -1, GETDATE())

	USE VehicleRental
	INSERT VehicleCoordinates VALUES
	(1,		37.628310329218785,		55.783562264913726,		@YESTERDAY),
	(2,		37.62496863084447,		55.77968409403343,		@YESTERDAY),
	(3,		37.60988838934319,		55.771697388745174,		@YESTERDAY),
	(4,		37.63784366449218,		55.80634960848172,		@YESTERDAY),
	(5,		37.64351317690392,		55.75885752573489,		@YESTERDAY),
	(6,		37.650152394817006,		55.79318597301102,		@YESTERDAY),
	(7,		37.64382665235103,		55.767218191902586,		@YESTERDAY),
	(8,		37.631991990646156,		55.754565408911894,		@YESTERDAY),
	(9,		37.60679471254363,		55.76311732978595,		@YESTERDAY),
	(10,	37.60886742602116,		55.7729332932597,		@YESTERDAY),
	(11,	37.61629258607224,		55.79079936483427,		@YESTERDAY),
	(12,	37.62285999673869,		55.81227549857955,		@YESTERDAY),
	(13,	37.61330564444986,		55.79759711490164,		@YESTERDAY),
	(14,	37.64433763929462,		55.81538058758365,		@YESTERDAY),
	(15,	37.644649815415036,		55.79659831246247,		@YESTERDAY),
	(16,	37.612114115149616,		55.78038656884442,		@YESTERDAY)

GO
	USE VehicleRental
	INSERT Rentals VALUES
	('8989834554', 1 , GETDATE(), '12:00', 2, 123.7, 'досрочная'),
	('5463454355', 3 , GETDATE(), '15:00', 3, 304.2, 'досрочная'),
	('8989834554', 4 , GETDATE(), '12:00', 1, 855.2, 'досрочная'),
	('5463454355', 7 , GETDATE(), '15:00', 3, 1610.7, 'стандартная')

GO
	USE VehicleRental
	INSERT TrafficAccidentTypes VALUES 
	('ДТП'),
	('Неисправность тс, не связанная с пользователем')

GO 
	USE VehicleRental
	INSERT TrafficAccidents VALUES (3, 5463454355,1, 7600.0, 'Врезался в киоск')

GO 
	USE VehicleRental
	INSERT Rental_Admins VALUES
	(1)
	

