USE VehicleRental

GO 
	USE VehicleRental

	INSERT Rental_Users VALUES
	('eqYY5T3L49ZRJbW/V9rosA==', 'rental_admin@rental_admin.rental_admin', 'eqYY5T3L49ZRJbW/V9rosA==', 1, 'AdminSurname', 'AdminName', 'AdminMiddlename', '2023-04-01'),
	('/dnKYZHqiXNRZX3gcUdwwg==', 'rental_user@rental_user.rental_user', '/dnKYZHqiXNRZX3gcUdwwg==', 1, 'rental_user', 'rental_user', 'rental_user','2023-04-06')

GO 
	USE VehicleRental
	INSERT DriversLicences VALUES
	('7878443544', '2002-03-12' ,2),
	('8989834554', '2005-04-12' ,1),
	('5463454355', '2006-09-12' ,2),
	('5434523453', '2007-05-12' ,1)
GO
	USE VehicleRental
	INSERT Classes (Class) VALUES
		('Бизнес'),
		('Эконом'),
		('Стандарт'),
		('Спорт'),
		('Комфорт')

GO
	USE VehicleRental

	INSERT Vehicles VALUES
		(3000.0, 'Бизнес', NULL),
		(1000.0, 'Эконом', NULL),
		(1500.0, 'Стандарт', NULL),
		(5000.0, 'Спорт', NULL),
		(3000.0, 'Бизнес', NULL),
		(1000.0, 'Комфорт', NULL),
		(1500.0, 'Стандарт', NULL),
		(5000.0, 'Спорт', NULL)

GO
	USE VehicleRental
	INSERT VehicleRegistrCertificates VALUES
	(4234, 123343,	1	,'52LD5432123',   	'О435РУ777', 	'Мерседес',	'Гелентваген',	'Вездеход',	'B',	2021,	'NO',	'2342342341',	'Черный',	200,	'Четвёртый',  1200,	1100, '2023-04-01'),
	(2343, 423423,	2	,'43MK3244212',   	'А435КА047', 	'Лада',	'Калина',	'Легковая',	'B',	2011,	'NO',	'234SDF2341',	'Синий',	120,	'Четвёртый',  1200,	1100, '2023-04-01'),
	(6432, 234212,	3	,'54TY4321234',   	'Л834РС777', 	'Киа',	'Рио',	'Легковая',	'B',	2021,	'NO',	'234SDF2341',	'Красный',	120,	'Четвёртый',  1200,	1100, '2023-04-01'),
	(1243, 435344,	4	,'12HR6573423',   	'В888ВВ888', 	'Ламборгини',	'Авентадор',	'Спортивная',	'B',	2014,	'NO',	'435423FD342',	'Оранжевый',	450,	'Четвёртый',  1200,	1100, '2023-04-01'),
	(3452, 123412,	5	,'52LD5432123',   	'А555АА052', 	'Мерседес',	'C класс',	'Легковая',	'B',	2021,	'NO',	'2342342341',	'Белый',	200,	'Четвёртый',  1200,	1100, '2023-04-01'),
	(5476, 452323,	6	,'43MK3244212',   	'С347БА112', 	'Лада',	'Гранта',	'Легковая',	'B',	2021,	'NO',	'234SDF2341',	'Синий',	120,	'Четвёртый',  1200,	1100, '2023-04-01'),
	(1234, 123124,	7	,'54TY4321234',   	'Р333УС321', 	'Киа',	'Рио',	'Легковая',	'B',	2021,	'NO',	'234SDF2341',	'Красный',	120,	'Четвёртый',  1200,	1100, '2023-04-01'),
	(1243, 173412,	8	,'12HR6573423',   	'Н123НН123', 	'Ламборгини',	'Галлардо',	'Спортивная',	'B',	2011,	'NO',	'435423FD342',	'Белый',	450,	'Четвёртый',  1200,	1100, '2023-04-01')


GO 
	USE VehicleRental
	INSERT VehicleCoordinates VALUES
	(1,	37.6205,	55.7501,	'2023-01-04'),
	(2,	37,6306, 	55.7602,	'2023-01-04'),
	(3,	37,6407,	55.7703,	'2023-01-04'),
	(4,	37.6408,	55.7804,	'2023-01-04'),
	(5,	37.6409,	55.7905,	'2023-01-04'),
	(6,	37.605,		55.8006,	'2023-01-04'),
	(7,	37.6501,	55.8107,	'2023-01-04'),
	(8,	37.6502,	55.8208,	'2023-01-04')

GO
	USE VehicleRental
	INSERT Rentals VALUES
	('8989834554', 1 , GETDATE(), '12:00', 2),
	('5463454355', 3 , GETDATE(), '15:00', 3),
	('8989834554', 4 , GETDATE(), '12:00', 1),
	('5463454355', 7 , GETDATE(), '15:00', 3)

GO 
	USE VehicleRental
	INSERT Rental_Admins VALUES
	(1)
	

